Nombre,Edad,Email
Elonore Over,40,eoverh6@ocn.ne.jp
Jacquette Gillbe,49,jgillbeb8@diigo.com
Sheelah Olechnowicz,61,solechnowiczch@mlb.com
Morris Bilovus,32,mbilovus3q@artisteer.com
Erda Geipel,60,egeipelj5@jalbum.net
Candis Fitzackerley,61,cfitzackerleyz@blogspot.com
Ursulina McCullogh,66,umccullogha9@indiegogo.com
Minnie Marchington,28,mmarchingtoncm@vkontakte.ru
Federica Shambrook,33,fshambrook96@cdbaby.com
Filberte Wyness,49,fwynessig@amazon.com
Tory Trye,45,ttryerg@aboutads.info
Cchaddie Marshalleck,27,cmarshalleck18@mozilla.com
Dominick Syddall,62,dsyddalll3@gravatar.com
Milzie Thomke,28,mthomkekf@altervista.org
Meier Blankenship,61,mblankenshipbu@hexun.com
Christine Heighway,28,cheighwaypj@altervista.org
Hillyer Jiricka,61,hjiricka1y@who.int
Kris Vigus,53,kvigus2v@senate.gov
Sindee Godbert,40,sgodbert8v@amazon.co.uk
Brendan Youde,65,byoudeo1@bandcamp.com
Rochella Camoys,53,rcamoyshn@jalbum.net
Quint Dowgill,30,qdowgillr9@google.co.uk
Mace O'Connel,56,moconnelk8@wiley.com
Timotheus Meggison,,tmeggisong4@digg.com
Burnard Caldero,36,bcalderomq@webeden.co.uk
Robina Greatbanks,59,rgreatbanksbw@who.int
Steffie Sirkett,26,ssirkettpg@g.co
Lilias Hatherley,66,lhatherleyqc@ft.com
Michaeline Gavin,31,mgavin1k@jigsy.com
Demetrius Palmer,45,dpalmerb5@macromedia.com
Aurie Hallgarth,61,ahallgarthib@nbcnews.com
Donella Bandy,44,dbandy99@freewebs.com
Dominga Dewdney,,ddewdneyrn@naver.com
Nydia Butten,43,nbuttenhg@hatena.ne.jp
Ferdinande Cavy,47,fcavycy@kickstarter.com
Wakefield Hould,64,whouldol@youtu.be
Frankie Grimsey,35,fgrimsey5g@reverbnation.com
Nicky Dohmer,25,ndohmerfm@ca.gov
Nadia Alpes,42,nalpesfi@creativecommons.org
Gustave Caldwall,36,gcaldwallgx@dion.ne.jp
Siusan Duley,58,sduley5c@de.vu
Laureen Osmon,49,losmonde@umn.edu
Brendin Cavan,36,bcavan7p@lulu.com
Nessy Paton,56,npatonhd@geocities.com
Peggy Songer,,psongeru@photobucket.com
Kenyon Westwick,39,kwestwickg5@theatlantic.com
Emlynne Shambrooke,58,eshambrookeqd@cbsnews.com
Huey Ravenhills,49,hravenhillsbq@loc.gov
Hyacinthe Thumim,37,hthumimfh@twitter.com
Anderea Corker,59,acorkerpk@independent.co.uk
Reine Parton,66,rpartonod@youtube.com
Felicio Lowre,67,flowre33@weather.com
Dewey McCulley,,dmcculleyko@tinypic.com
Phil Triggol,,ptriggol2l@redcross.org
Laverna Mallia,50,lmallia41@etsy.com
Sheppard Scemp,47,sscemp25@uiuc.edu
Glynda Wenderoth,59,gwenderothm3@bbc.co.uk
Jsandye Nelthorpe,35,jnelthorpe5j@craigslist.org
Lucinda Planque,50,lplanqueo5@hibu.com
Arvin Heggman,39,aheggman55@nytimes.com
Margarette Paolino,39,mpaolino8b@npr.org
Neysa Kelland,63,nkelland8x@answers.com
Winnah Lowman,60,wlowmanlo@networkadvertising.org
Meg Kitchin,52,mkitchinj6@creativecommons.org
Thornie Frood,60,tfroodcl@seattletimes.com
Tobias Slite,29,tsliter@angelfire.com
Austen Feldfisher,27,afeldfisher2j@domainmarket.com
Rutherford Fetterplace,65,rfetterplace8h@globo.com
Herbie Kuhnwald,40,hkuhnwald4s@nps.gov
Dame Arrault,54,darraultr2@friendfeed.com
Major Speeding,58,mspeeding42@columbia.edu
Bertrando Marshall,67,bmarshalleh@webmd.com
Kimball Crackett,35,kcrackettnm@archive.org
Rene Brehault,50,rbrehaultlt@plala.or.jp
Lilyan Dulton,,ldulton7e@devhub.com
Cinda Howse,38,chowsehs@msn.com
Veda Sherman,33,vsherman8y@mac.com
Ulrike Gready,44,ugreadyk6@netscape.com
Janina Florence,,jflorencekl@cdc.gov
Conchita Egginson,56,cegginson6y@google.ca
Aube Dikels,28,adikelso@un.org
Solly Pau,31,spau53@discuz.net
Cassey Ferrierio,46,cferrieriofo@samsung.com
Ailsun Van Eeden,60,avan3u@soundcloud.com
Gabriell Blastock,55,gblastockda@mac.com
Ian Sesser,54,isesser7w@va.gov
Nevins Barford,54,nbarford90@e-recht24.de
Allin Lowings,33,alowings4e@kickstarter.com
Del Lente,,dlente7m@nature.com
Lorelle Milillo,67,lmilillo6k@craigslist.org
Silva Mundy,58,smundyqy@bizjournals.com
Jayne Minors,57,jminorsq6@constantcontact.com
Thornton Petersen,39,tpetersenlz@yolasite.com
Fern Gunner,64,fgunner7a@tinyurl.com
Dewain Lindmark,66,dlindmark8k@chronoengine.com
Stacie Boorer,42,sboorer2o@ovh.net
Bear Beart,28,bbeartcr@mozilla.com
Pearce Molohan,34,pmolohaneu@constantcontact.com
Terry Dailly,48,tdaillyog@sun.com
Ewen Chitham,56,echithamkx@jalbum.net
Blondie De Gregorio,29,bde81@ycombinator.com
Maryl Willmer,30,mwillmer4a@discuz.net
Merralee Cornish,65,mcornishmy@blinklist.com
Ianthe Flack,61,iflackjs@usnews.com
Angelina Lomb,64,alomb49@stumbleupon.com
Brina McCoy,52,bmccoypx@last.fm
Monti Killingback,40,mkillingbackk0@mit.edu
Prentiss Sleicht,41,psleichtl2@zdnet.com
Reube Collman,31,rcollmanm6@php.net
Gordan Deveral,57,gdeveralah@microsoft.com
Wilone Sked,,wskedg7@intel.com
Merell Rivilis,53,mrivilis3w@phoca.cz
Foss Chopy,51,fchopyi8@opensource.org
Marie-ann Cresser,63,mcresserp7@washington.edu
Ulrica Andor,50,uandord6@bravesites.com
Corinne Buxsey,58,cbuxsey7q@hhs.gov
Quincy Hyman,35,qhyman6f@telegraph.co.uk
Grayce Medina,60,gmedina2y@japanpost.jp
Emmet Houlaghan,49,ehoulaghanpn@usatoday.com
Muriel Lavis,29,mlaviso7@ebay.com
Harmon Trayling,47,htraylingik@yelp.com
Letitia Rigglesford,58,lrigglesfordcb@google.fr
Libbey O'Hare,53,lohare93@privacy.gov.au
Bernadine Corson,49,bcorson5y@geocities.com
Melva Pilmore,42,mpilmorenp@yale.edu
Courtenay Hessing,57,chessingr3@reverbnation.com
Deeann Schiementz,55,dschiementzg1@purevolume.com
Daniella Vasey,59,dvasey95@nydailynews.com
Nanci Winnister,62,nwinnister9x@scribd.com
Giffard Maykin,40,gmaykin8n@newyorker.com
Aguste Eytel,42,aeytel6m@cbc.ca
Galvan McWilliam,47,gmcwilliamj2@yahoo.com
Merv Cortez,37,mcortezi6@nhs.uk
Gui Cannan,25,gcannangd@dagondesign.com
Chaunce Musk,44,cmuskix@google.com.au
Kati Wille,56,kwille36@icio.us
Tracie Cowles,29,tcowles2u@dedecms.com
Greg Jancey,55,gjancey6h@upenn.edu
Xerxes Galloway,29,xgallowaygo@fema.gov
Fairleigh Tregona,26,ftregona6o@microsoft.com
Rodolphe Redmond,47,rredmond37@senate.gov
Kelby Albutt,51,kalbutt58@blog.com
Sindee Godbert,40,sgodbert8v@amazon.co.uk
Shep Angove,35,sangovecd@webnode.com
Zed Fullom,27,zfullomjr@diigo.com
Meridith Geale,62,mgealeem@indiegogo.com
Allissa Kiernan,60,akiernanab@ibm.com
Verne Baudic,48,vbaudicld@accuweather.com
Haslett Hurtic,42,hhurticgk@ucsd.edu
Kaja Fronzek,64,kfronzekpp@wordpress.com
Esme Hadeke,64,ehadeke6d@va.gov
Ronnica Mabey,,rmabey8w@topsy.com
Maye Fried,52,mfriedey@bing.com
Welch Tamburi,49,wtamburibk@barnesandnoble.com
Jacquelyn Tesche,67,jtesche6e@ucla.edu
Mindy Espinha,40,mespinhahr@upenn.edu
Jenny Bedding,28,jbeddingf8@networkadvertising.org
Janelle O'Scollee,44,joscolleei9@engadget.com
Bo Rojahn,28,brojahnb2@tumblr.com
Rutherford Fetterplace,65,rfetterplace8h@globo.com
Worth Whittall,41,wwhittalliy@sbwire.com
Andriette Malley,60,amalleyjv@livejournal.com
Easter Bortoloni,33,ebortolonipc@google.cn
Margareta Likly,,mliklyfp@devhub.com
Bailie Goggan,35,bgoggan3l@indiatimes.com
Lyndel Kaufman,34,lkaufmanhe@spotify.com
Rora Tredinnick,49,rtredinnickl0@oaic.gov.au
Gwenneth Hayball,31,ghayballbo@reddit.com
Madeleine Pomphrey,54,mpomphrey65@un.org
Ardine Coard,41,acoardd8@nifty.com
Page Hernik,48,phernik1n@patch.com
Adolphus Barff,27,abarff1@networksolutions.com
Franny Deeman,54,fdeeman85@cafepress.com
Maddy De La Haye,29,mdemf@upenn.edu
Freddie Citrine,61,fcitrinefv@indiegogo.com
Joyan Raggatt,63,jraggattbs@kickstarter.com
Delmore Cheale,45,dchealegt@netlog.com
Lynne Mandres,25,lmandresgb@weebly.com
Rachelle Oxe,26,roxefj@over-blog.com
Graig Booty,43,gbootynx@ted.com
Artemis Nial,60,anial6b@myspace.com
Alta Danielski,60,adanielskiok@netlog.com
Cody Decker,64,cdecker71@timesonline.co.uk
Teodor Lilford,26,tlilford9j@yelp.com
Nahum Blaksland,44,nblakslandba@youku.com
Phaidra Eaken,31,peakenbd@nytimes.com
Emmalynne Writer,36,ewriterqm@google.cn
Arielle Benting,58,abentingoy@comsenz.com
Ash Mower,35,amower1h@trellian.com
Candace Ruperti,,cruperti8t@furl.net
Aeriel Jaques,57,ajaques1r@naver.com
Corrie Bortol,59,cbortolpy@creativecommons.org
Nata Rikard,41,nrikard8j@thetimes.co.uk
Alyssa Crawley,41,acrawley9@google.cn
Jimmy Korejs,58,jkorejsov@geocities.jp
Sayers Ramsay,53,sramsayll@weibo.com
Murvyn Cunnow,35,mcunnowqo@bravesites.com
Darell Bilofsky,40,dbilofskyn2@dagondesign.com
Jabez Pesic,42,jpesicgi@state.gov
Dorothy Cheng,57,dcheng1t@baidu.com
Gaspard Twyning,33,gtwyningh2@nasa.gov
Ben Vanin,40,bvanin2q@biblegateway.com
Harcourt Baline,27,hbaline2p@harvard.edu
Lamond Ivison,50,livisonj3@jiathis.com
Laureen Duiguid,53,lduiguidaq@dedecms.com
Isabel Vasilic,62,ivasilic50@hc360.com
Matthus Depka,43,mdepka7z@google.es
Dulcie Kiff,25,dkiffno@dedecms.com
Gray Newgrosh,48,gnewgroshrl@bizjournals.com
Herculie Leverentz,58,hleverentzan@amazon.de
Suzie Carson,31,scarson75@hatena.ne.jp
Menard Dyton,28,mdyton8m@npr.org
Bancroft McVanamy,,bmcvanamy4m@trellian.com
Felic Arnaez,41,farnaezdd@tuttocitta.it
Daffy Crush,61,dcrushag@nbcnews.com
Bryana Hush,52,bhushlx@acquirethisname.com
Davis Matthiae,25,dmatthiae8q@mozilla.com
Tarrance Milksop,48,tmilksopmt@slideshare.net
Janessa Cavet,60,jcavetaz@state.tx.us
Bertha Petracco,66,bpetraccocw@tmall.com
Jori Carless,66,jcarless6z@arizona.edu
Marianne Janic,35,mjanich1@networksolutions.com
Ulises Crippill,39,ucrippillfr@hao123.com
Rogerio Alderton,62,raldertoniz@bbc.co.uk
Lissi Reiling,49,lreilingjc@mysql.com
Seka Beeby,44,sbeebyri@spotify.com
Jobey Donneely,34,jdonneelyin@bravesites.com
Samara Imrie,43,simriei7@examiner.com
Sallyann Redsell,31,sredsellbl@google.com.hk
Marie-ann Kilius,,mkilius4b@dell.com
Ernest Wardrope,46,ewardropeg3@smugmug.com
Cathee Bellefant,37,cbellefantb7@networksolutions.com
Randell Harbage,52,rharbage24@github.io
Loy Luno,65,lluno4v@washingtonpost.com
Mario Costell,53,mcostellp9@nsw.gov.au
Kris Mortel,55,kmortelj@about.me
Haven Ambrus,63,hambrusif@wunderground.com
Burch Dedmam,40,bdedmam4p@multiply.com
Hilario Ziehm,64,hziehme2@scientificamerican.com
Lev Scare,65,lscaredh@patch.com
Ynes Gannicleff,66,ygannicleff64@ca.gov
Raoul Carslake,49,rcarslakeph@mozilla.com
Malanie Kitchingman,44,mkitchingmanr4@upenn.edu
Lorenza Moizer,31,lmoizern0@vkontakte.ru
Franklin Punton,65,fpuntond9@whitehouse.gov
Rici Braker,25,rbrakermk@freewebs.com
Lilah Follet,61,lfollet1e@washington.edu
Annamarie Ferroli,39,aferroli6j@samsung.com
Bryanty Bus,67,bbus44@nps.gov
Ole Hair,65,ohairna@hostgator.com
Regen Doey,62,rdoey8i@netlog.com
Melany Westphal,58,mwestphal2e@europa.eu
Veronika McLaggan,,vmclagganq8@ox.ac.uk
Ave Leonard,45,aleonard84@indiatimes.com
Krisha Bitterton,47,kbittertonm9@baidu.com
Jesse Povele,50,jpovele7l@google.ca
Marcello Preuvost,61,mpreuvosta6@delicious.com
Noble Boycott,63,nboycott28@twitter.com
Maddie Truse,26,mtrused2@thetimes.co.uk
Nial Lomath,29,nlomath9g@slashdot.org
Cathi McOrkil,38,cmcorkilak@mac.com
Caritta Hardwidge,,chardwidgebg@virginia.edu
Karly Perez,38,kperezhq@slate.com
Ernesto Struther,63,estrutherm1@archive.org
Andie Lauchlan,55,alauchlan2c@buzzfeed.com
Lennard Gullberg,26,lgullbergp0@twitter.com
Jolene Laviste,,jlaviste7t@senate.gov
Pippo Dagless,,pdaglessh0@tinyurl.com
Mozes Charte,43,mcharteh4@webeden.co.uk
Frederigo Hawkes,59,fhawkesjk@webeden.co.uk
Genevieve Bernaert,66,gbernaertnn@storify.com
Dodi Pattesall,46,dpattesalldt@shareasale.com
Pattie Kemmons,41,pkemmonsk9@wisc.edu
Ware Corp,61,wcorp2g@yahoo.com
Lilias Parker,30,lparker6@w3.org
Orville Pittford,37,opittfordy@theglobeandmail.com
Shermie Strasse,40,sstrassekh@google.co.jp
Kimberly Haslehurst,52,khaslehurst1z@purevolume.com
Maxi Uridge,33,muridge3b@npr.org
Roselle Davidof,51,rdavidofft@cbsnews.com
Prudi D'Hooge,60,pdhoogei3@amazonaws.com
Clarke Covert,37,ccovertho@posterous.com
Andrei Orro,65,aorroqv@nytimes.com
Colby Brisker,60,cbriskerke@feedburner.com
Ker Gounot,53,kgounot52@bing.com
Arlina Mattiassi,58,amattiassigw@kickstarter.com
Skyler Fillon,34,sfillon4q@washington.edu
Miguela Denne,58,mdennerc@xing.com
Jannelle Pulhoster,63,jpulhosterr7@wp.com
Marlowe Babbs,47,mbabbsdc@jalbum.net
Lettie Gutridge,27,lgutridge98@house.gov
Pepita Vitet,41,pvitet3x@wix.com
Shaun Sellen,29,ssellenay@cornell.edu
Melisenda Dunthorn,45,mdunthornf5@walmart.com
Tabbie Mose,61,tmose8z@example.com
Jodie Fabri,36,jfabric1@instagram.com
Herrick Pittem,30,hpittem97@acquirethisname.com
Valeda Brockhurst,36,vbrockhurstds@narod.ru
Vale Moseby,44,vmoseby60@a8.net
Allison Hercock,43,ahercock15@ustream.tv
Dodie Frankowski,58,dfrankowski2b@w3.org
Konstantine Orteaux,60,korteauxmo@hugedomains.com
Roger Kippin,45,rkippinlr@tripod.com
Noemi Esel,65,neselar@hatena.ne.jp
Gordan Tommasetti,58,gtommasettile@reuters.com
Brittany Kilbourn,62,bkilbournpi@indiegogo.com
Anthiathia Phorsby,,aphorsbyjl@de.vu
Herrick Pittem,30,hpittem97@acquirethisname.com
Kristofor Rubenczyk,26,krubenczykd3@scribd.com
Nicholas Binton,64,nbinton45@furl.net
Mackenzie Brislawn,40,mbrislawng0@multiply.com
Olivette Myall,,omyallp4@mapy.cz
Ninon Gobell,38,ngobell6x@mac.com
Modesty Elldred,45,melldredh7@goo.ne.jp
Farris Malthus,59,fmalthusfd@nbcnews.com
Stacy Kurtis,61,skurtiskv@webeden.co.uk
Syman Iozefovich,64,siozefovich1w@nsw.gov.au
Adler Plumptre,52,aplumptreos@cnbc.com
Jamal Lovemore,58,jlovemorew@flickr.com
Nettle Tabbernor,66,ntabbernorim@php.net
Somerset Troke,67,strokege@amazonaws.com
Natty Freake,49,nfreaked1@photobucket.com
Sayer Anfusso,67,sanfussord@ifeng.com
Den Miall,53,dmiallck@ebay.co.uk
Waylan Dean,49,wdean10@elpais.com
Erie Castagnone,57,ecastagnonef9@oaic.gov.au
Godfry Thynne,44,gthynnels@xing.com
Lindy Klebes,,lklebesp@yellowpages.com
Godiva Hasard,27,ghasard8c@gravatar.com
Malanie Milmore,26,mmilmoredf@skype.com
Reed Hurworth,65,rhurworthei@hp.com
Ruthi Lorroway,47,rlorrowaykm@jimdo.com
Leda Holtom,38,lholtom5h@shinystat.com
Quint Reeme,62,qreemerh@squarespace.com
Jules Lathwood,58,jlathwood5i@vk.com
Crystal Pedley,58,cpedleygy@wordpress.org
Ernesta Bernuzzi,58,ebernuzzi23@bloglovin.com
Masha Gurry,40,mgurrys@washingtonpost.com
Debbi Eake,51,deakegn@diigo.com
Rickie Callingham,32,rcallinghammd@unesco.org
Lek Mar,38,lmardl@unblog.fr
Lura Fawthrop,35,lfawthropjw@cbslocal.com
Emmye McSparran,66,emcsparranen@freewebs.com
Reena Abazi,35,rabazigj@posterous.com
Rebecka Circuit,39,rcircuit74@virginia.edu
Amargo Cheng,26,achengn6@spiegel.de
Brew Gerkens,48,bgerkensh3@devhub.com
Susi Izakov,46,sizakovnw@abc.net.au
Gianina Jeandet,58,gjeandet8s@icio.us
Caspar Rolance,41,crolance9t@whitehouse.gov
Theda Cram,30,tcram30@infoseek.co.jp
Eartha Morfett,25,emorfettnz@sourceforge.net
Derk Faill,35,dfaillai@google.de
Merlina Murrells,36,mmurrellsq3@europa.eu
Hinze Goodrich,37,hgoodrichb1@technorati.com
Ashlie Scane,26,ascaneez@cdbaby.com
Sallee Barthropp,48,sbarthroppmp@youtu.be
Eleen Garrand,53,egarranddm@sakura.ne.jp
Cindra Habron,37,chabron12@meetup.com
Hartwell Paramor,42,hparamorns@w3.org
Howey Sanz,29,hsanzmi@bandcamp.com
Kipp Godney,,kgodneyeg@mapquest.com
Farrell Etuck,47,fetuck4j@cyberchimps.com
Konstantin Lattey,35,klatteyoi@naver.com
Beale Cabbell,,bcabbellli@ebay.com
Emmy Loffel,31,eloffelfl@merriam-webster.com
Avram Axcell,52,aaxcell1c@issuu.com
Ottilie Lamswood,46,olamswoodon@fc2.com
Chaddie Rylance,,crylance5x@tuttocitta.it
Cal Morriss,46,cmorrissc2@bloomberg.com
Selle Ondrusek,35,sondrusek62@php.net
Mireielle Kinnerley,41,mkinnerleygl@pcworld.com
Asia Easterby,56,aeasterbylk@ucla.edu
Valentine Greenrde,36,vgreenrdep3@hao123.com
Anna-maria Warrack,26,awarrackbp@umn.edu
Trevar Bottoms,58,tbottoms5w@google.fr
Nickey Pithie,34,npithienf@dailymotion.com
Tab Fabri,54,tfabrira@skyrock.com
Nil Laugharne,36,nlaugharne14@ehow.com
Darnall Strangman,25,dstrangmanas@google.ca
Perl Ferreri,39,pferrerioz@google.de
Keely Redmain,40,kredmainfn@netvibes.com
Toinette Beames,35,tbeames7@upenn.edu
Kristel Paulmann,57,kpaulmannkc@va.gov
Roberto Bloodworthe,31,rbloodwortheoc@wikimedia.org
Neils Kiwitz,26,nkiwitz8@independent.co.uk
Ardene Teasey,60,ateaseyl8@rakuten.co.jp
Tann Nerger,57,tnerger6n@hatena.ne.jp
Andrea Aldham,31,aaldhamf7@cyberchimps.com
Filide Fritchly,45,ffritchlyqk@mysql.com
Lewes Spoors,66,lspoorsi4@usa.gov
Clive Geekie,66,cgeekieln@imdb.com
Cornelia Mansford,31,cmansforddp@com.com
Berke Robben,55,brobbena1@cargocollective.com
Arleen Lanphere,60,alanphere9y@homestead.com
Evy Earngy,64,eearngyre@hhs.gov
Daryl Joney,65,djoney46@cloudflare.com
Rorie Bohin,65,rbohin1j@51.la
Frances Egar,46,fegarad@yellowpages.com
Tiffani Varney,38,tvarneyh@nifty.com
Prescott Pozzo,37,ppozzo7x@nih.gov
Fanny Skune,28,fskunelu@clickbank.net
Berny Rawlin,49,brawlin94@time.com
Bentley Mander,55,bmanderek@pagesperso-orange.fr
Stavros Orsman,36,sorsmanv@pagesperso-orange.fr
Catina Armitage,29,carmitageny@msn.com
Rivkah Woolhouse,62,rwoolhouse3f@so-net.ne.jp
Gretna Le Clercq,43,glehf@dagondesign.com
Junia Aldine,43,jaldine40@goo.ne.jp
Luca Pepineaux,47,lpepineauxk1@sourceforge.net
Maggi Orritt,45,morritthv@fc2.com
Casey Chanter,54,cchanterml@squidoo.com
Salem Fley,39,sfleyb4@jalbum.net
Lucretia Josephs,45,ljosephs4i@zdnet.com
Benny Gutierrez,27,bgutierrez70@reddit.com
Gabi Chattell,27,gchattelll7@pen.io
Cleon Jarvie,25,cjarviedb@shareasale.com
Gawain Winthrop,39,gwinthrop17@buzzfeed.com
Jeri Laurenceau,45,jlaurenceau8r@fastcompany.com
Kimbra Whild,44,kwhildrq@bandcamp.com
Wallas Matten,45,wmattengq@tripadvisor.com
Misha MacSkeaghan,47,mmacskeaghanb9@discovery.com
Estele Olivetta,27,eolivetta83@state.tx.us
Boyce Cawthera,33,bcawtherala@icio.us
Andy Tassel,27,atasselqw@123-reg.co.uk
Letta Brassington,55,lbrassington39@nps.gov
Dewain Kerfoot,40,dkerfootb@shop-pro.jp
Stephenie Sangar,50,ssangardv@blog.com
Rina Harnes,48,rharnesnt@tinypic.com
Inessa Margach,50,imargachq0@foxnews.com
Wileen Alldritt,36,walldrittmr@gnu.org
Lizzy Boxer,61,lboxerku@discovery.com
Kelsy Ruslen,34,kruslenqf@howstuffworks.com
Mervin Hutson,36,mhutsonec@umn.edu
Giffard Maykin,40,gmaykin8n@newyorker.com
Farleigh Saldler,37,fsaldlerrb@indiegogo.com
Eleanor Wadie,40,ewadied0@1und1.de
Meg Lampett,50,mlampettr1@clickbank.net
Demetri Eede,28,deede7i@dailymotion.com
Julietta Giacobini,57,jgiacobiniea@aboutads.info
Rowe Nimmo,25,rnimmo59@purevolume.com
Dalton Remmer,39,dremmerjq@sina.com.cn
Trever Jeenes,37,tjeenes5r@about.com
Brigid Skirvin,39,bskirvin9v@prweb.com
Ainslie Graveston,34,agravestonro@independent.co.uk
Prinz Ickovici,28,pickovicinl@sogou.com
Faulkner Arnaldy,38,farnaldydy@cornell.edu
Hercules Simoncello,44,hsimoncelloil@cmu.edu
Mead Wolfit,33,mwolfitka@intel.com
Traci Di Boldi,,tdilv@berkeley.edu
Celestyna Laydon,51,claydon3i@amazon.com
Darn Boler,67,dboleroa@typepad.com
Wendeline Khosa,46,wkhosa2m@a8.net
Grace Younie,65,gyouniebr@alexa.com
Abra Rosellini,39,arosellinic6@scientificamerican.com
Teri Gunby,35,tgunbyq4@nymag.com
Dewain Lindmark,66,dlindmark8k@chronoengine.com
Cynthea O'Riordan,40,coriordangg@feedburner.com
Valaria Folley,28,vfolleyn8@jalbum.net
Garvy Sherrock,55,gsherrock6u@stanford.edu
Tamiko Longfoot,67,tlongfootdu@mashable.com
Patrizius Rodman,41,prodmance@1und1.de
Edita Jost,52,ejost8l@omniture.com
Adolph Morrall,28,amorrallqb@unicef.org
Aurlie Coleiro,65,acoleiroqj@mapquest.com
Brig Brozsset,41,bbrozssetpe@umich.edu
Vasili Cridge,43,vcridge4k@sitemeter.com
Ferrel Saward,43,fsaward6p@yahoo.co.jp
Daniella Vasey,59,dvasey95@nydailynews.com
Fiona Pulham,,fpulhamdz@chronoengine.com
Georgiana Josefsohn,60,gjosefsohncs@purevolume.com
Heriberto Youson,58,hyousonpa@skyrock.com
Simmonds Lambregts,28,slambregtsaf@surveymonkey.com
Netta Assaf,33,nassafqa@rambler.ru
Hestia Inglis,26,hinglisfw@statcounter.com
Cassy Redhole,35,credhole4f@over-blog.com
Angel Robus,67,arobusn7@intel.com
Cristie Shimman,32,cshimmanet@europa.eu
Keefe Cathesyed,54,kcathesyedap@bizjournals.com
Verna Slograve,39,vslograveel@cocolog-nifty.com
Allie Browncey,60,abrowncey6c@webmd.com
Ophelia Brownhall,49,obrownhall87@shinystat.com
Loraine Paull,33,lpaull2f@about.com
Daryl Bootherstone,59,dbootherstonebt@delicious.com
Ardra Birkhead,25,abirkhead35@reuters.com
Melvyn Rowlands,55,mrowlandsd7@washington.edu
Caddric Riccione,38,criccioneql@ifeng.com
Odette Endrizzi,34,oendrizzi4c@umn.edu
Edita Jost,52,ejost8l@omniture.com
Ber Custed,52,bcusted38@google.ru
Kiley Gallaher,53,kgallaher6t@delicious.com
Elberta Welford,51,ewelford9r@sbwire.com
Leandra Mandell,59,lmandellt@elegantthemes.com
Donovan Oldman,60,doldmanjx@reddit.com
Angele Anetts,48,aanettsp8@google.pl
Elisa Ryman,25,eryman67@123-reg.co.uk
Arley Kobus,53,akobus13@amazon.co.uk
Reina Antoniewski,62,rantoniewskicc@squidoo.com
Morgana Delahunty,38,mdelahuntygh@trellian.com
Leighton Arnaudet,43,larnaudetpv@deliciousdays.com
Trix McDuff,36,tmcduff5f@loc.gov
Pinchas McOrkill,,pmcorkilleo@google.it
Randolph Fronks,34,rfronksmx@harvard.edu
Crystal Wycliff,29,cwycliffhh@163.com
Lurleen Sewards,,lsewards20@diigo.com
Raymond Laurenz,55,rlaurenznj@instagram.com
Trina Dootson,32,tdootsonpo@baidu.com
Booth Boadby,57,bboadbyof@wp.com
Rickie Croysdale,29,rcroysdalebz@pen.io
Harmonie Marmion,60,hmarmionhl@imgur.com
Devi Pikesley,65,dpikesleyja@nyu.edu
Roobbie Abrahamson,44,rabrahamsoncv@addtoany.com
Tildie Gatch,64,tgatchex@blog.com
Aili Gras,53,agrasob@mapquest.com
Hernando Scothron,41,hscothron3e@smugmug.com
Cindelyn Pell,61,cpelli5@samsung.com
Billie Prater,63,bpraternq@goodreads.com
Fidelio Robertot,30,frobertot3g@goodreads.com
Carmencita Reidie,64,creidie6w@mit.edu
Janel Hofler,25,jhofler5z@ebay.com
Chet Kielt,28,ckielt82@parallels.com
Matilda Botwright,47,mbotwrightqt@mediafire.com
Fernande Lumbers,55,flumberslf@soup.io
Tarrah Willmetts,39,twillmettsjt@mac.com
Lanny Gallihaulk,65,lgallihaulk1i@cdbaby.com
Lyle Porcas,25,lporcas2x@sourceforge.net
Debby Sotham,29,dsotham21@vk.com
Alec Trownson,32,atrownsona4@webmd.com
Heall Bedham,49,hbedhamhi@jimdo.com
Elisha Perrygo,56,eperrygoky@guardian.co.uk
Garrett Antognoni,,gantognonim2@sourceforge.net
Ashlen Trudgeon,29,atrudgeon6v@uol.com.br
Maitilde Cruikshanks,58,mcruikshanks3d@amazon.co.jp
Fabiano Sibley,28,fsibleygu@nymag.com
Massimiliano Rosten,29,mrosten4n@posterous.com
Berny Rawlin,49,brawlin94@time.com
Huntlee Crowche,51,hcrowche3k@behance.net
Alethea Linford,34,alinfordcu@cyberchimps.com
Denice Zoane,35,dzoanej4@ucoz.ru
Kingston Dehm,67,kdehmbn@unicef.org
Ysabel Iacomelli,38,yiacomelli3m@sakura.ne.jp
Diena Zelner,40,dzelner77@cornell.edu
Jeralee Joist,54,jjoistj0@ucla.edu
Valeria McWhirter,56,vmcwhirter4@geocities.com
Jeanelle Blondel,37,jblondel4r@cbc.ca
Maurise Stoyle,28,mstoyle2h@github.io
Carolee McCurlye,43,cmccurlyejd@livejournal.com
Camella Casperri,31,ccasperriqr@imageshack.us
Cate Gellett,61,cgellettjn@unesco.org
Pincus Kingsley,50,pkingsleyl1@ocn.ne.jp
Cullen Ruzicka,,cruzicka26@ca.gov
Bendicty Macak,63,bmacakmj@e-recht24.de
Barret Cornhill,56,bcornhillhk@a8.net
Siouxie Antoinet,28,santoinetks@hc360.com
Clarisse Woodward,28,cwoodwardo4@opensource.org
Alric Petrasso,44,apetrassork@economist.com
Rolf Colin,37,rcolinfc@foxnews.com
Kristoffer Wortman,65,kwortman7c@tinyurl.com
Willey Playfair,48,wplayfairb3@gmpg.org
Colin Tremblett,39,ctremblett61@liveinternet.ru
Micheil Fowls,28,mfowls4w@facebook.com
Culley Drife,30,cdrife5b@livejournal.com
Friederike Fotherby,49,ffotherbycg@washingtonpost.com
Ragnar Boulde,57,rbouldemz@aol.com
Alphonso Gouldsmith,45,agouldsmithlp@addtoany.com
Steward Duggan,62,sduggan9a@elpais.com
Della Schach,29,dschachfe@nytimes.com
Kerby Izhak,29,kizhak9e@barnesandnoble.com
Selia Lorenzetto,,slorenzettojz@mashable.com
Christen Jopp,55,cjopp5s@google.fr
Gery Boam,65,gboamki@quantcast.com
Grannie Lambswood,64,glambswood9q@usatoday.com
Ola Gadeaux,63,ogadeauxc7@free.fr
Lucilia Palke,56,lpalke8a@prweb.com
Nettle Endrizzi,34,nendrizzik7@issuu.com
Ruben Labeuil,39,rlabeuilal@weibo.com
Dori Heatley,35,dheatleyhx@theatlantic.com
Arnoldo Britney,52,abritney8f@arstechnica.com
Dav MacKain,35,dmackainc4@1688.com
Giffy Simmonett,58,gsimmonettbe@hatena.ne.jp
Jori Olechnowicz,67,jolechnowicz6g@ocn.ne.jp
Kellie Tatum,44,ktatumgf@nydailynews.com
Flem Scalera,46,fscalerap2@timesonline.co.uk
Marcel Girodin,51,mgirodindn@prweb.com
Gerta Lantoph,49,glantophhp@ucla.edu
Yolane Gracewood,,ygracewoodp6@fema.gov
Dacey Knowling,49,dknowling9m@gravatar.com
Magda Cone,26,mcone9k@ow.ly
Llewellyn Gammel,58,lgammelkq@pcworld.com
Vivianna Bentje,27,vbentjecn@mapy.cz
Carree Coolican,38,ccoolicanac@macromedia.com
Cindee Humber,56,chumber9w@last.fm
Mic Kendred,38,mkendredaj@dyndns.org
Theo Lenoir,66,tlenoirjo@fema.gov
Brittany Orta,37,borta9h@nps.gov
Lindsay Morillas,44,lmorillas8u@technorati.com
Bennett Falconer,52,bfalconerom@google.co.jp
Sacha Birtwhistle,27,sbirtwhistlec@yale.edu
Murdoch Wiffler,61,mwiffler9d@gov.uk
Morly Benka,45,mbenkaga@irs.gov
Deanna Aldersley,51,daldersleyqg@g.co
Clarissa Jull,38,cjullpr@umich.edu
Jonell Woolner,56,jwoolnera7@google.co.uk
Daisie Winckworth,40,dwinckworthjh@wired.com
Abbie Renyard,28,arenyardrm@salon.com
Leonie Bemment,50,lbemment7s@goo.ne.jp
Hasheem Dinsmore,55,hdinsmoreef@statcounter.com
Welch Addionizio,57,waddionizio91@unc.edu
Nicko Scutchin,55,nscutchinep@zdnet.com
Nessie Dummett,60,ndummett7r@zdnet.com
Ileane Elliott,53,ielliotted@digg.com
Lucinda Feige,45,lfeigelh@dedecms.com
Con Dufer,64,cduferfk@meetup.com
Rafaelia Darch,31,rdarch48@cbslocal.com
Berna Cayzer,59,bcayzer5e@symantec.com
Whittaker Peart,43,wpeartmn@berkeley.edu
Maury Tidman,43,mtidman79@webs.com
Gail Oxtiby,,goxtibyca@loc.gov
Ari Williment,34,awillimento6@nifty.com
Adair Trafford,45,atraffordou@youku.com
Ericka Seagood,,eseagood7h@bigcartel.com
Welch Addionizio,57,waddionizio91@unc.edu
Suzy Goffe,40,sgoffed4@arstechnica.com
Renell Robberecht,50,rrobberechtly@admin.ch
Constantia Parrin,57,cparrink5@tinypic.com
Merle Annable,64,mannable3p@ihg.com
Peterus Spalls,47,pspallso3@homestead.com
Mehetabel Stanger,,mstangergz@creativecommons.org
Tommy Biset,26,tbisetc0@flickr.com
Helenka Brandel,64,hbrandelci@clickbank.net
Shelton Jendrys,42,sjendrysfg@tinyurl.com
Claire Bicheno,49,cbicheno3r@sina.com.cn
Liliane Burchatt,34,lburchatt68@bbc.co.uk
Kale Lafond,63,klafond4x@ning.com
Lettie Gutridge,27,lgutridge98@house.gov
Fay De Laspee,56,fdeha@umich.edu
Moreen Hoxey,52,mhoxeynh@java.com
Hussein Niese,,hnieseqe@usda.gov
Ade Proudler,56,aproudlerqh@feedburner.com
Estele Wegner,45,ewegnerlj@auda.org.au
Norina Kynston,34,nkynstonh8@archive.org
Barty Jacqueminot,48,bjacqueminotbx@dailymail.co.uk
Emiline Ebbins,35,eebbinsjf@disqus.com
Shauna Queyos,45,squeyos3h@paypal.com
Shaun Cummine,43,scumminepl@cyberchimps.com
Tobit Wickes,36,twickesrp@nsw.gov.au
Lindi Dosdale,39,ldosdaleh9@dyndns.org
Nevins Barford,54,nbarford90@e-recht24.de
Tracy Goodship,57,tgoodshipcf@comsenz.com
Emmy Davydzenko,41,edavydzenkol5@blogspot.com
Menard Dyton,28,mdyton8m@npr.org
Scarlett Le Gassick,48,slea8@google.nl
Jesus Lamperd,34,jlamperdcz@bandcamp.com
Colin Walkden,47,cwalkdendg@github.com
Bridgette Burnsyde,49,bburnsydeq9@delicious.com
Catarina Klimentyonok,41,cklimentyonokfa@cloudflare.com
Zaccaria Baumer,40,zbaumereq@google.es
Vi Cariss,65,vcariss6s@fotki.com
Donnamarie Rouchy,31,drouchynb@slideshare.net
Arlyn Jacobsohn,,ajacobsohn4o@paypal.com
Alphonse Tant,63,atant2n@goo.ne.jp
Patten Janusik,59,pjanusikl@bbb.org
Danyette Bangley,59,dbangleymv@bing.com
Bunny De Micoli,64,bdeje@webmd.com
Carolyne Dansken,36,cdanskenij@ifeng.com
Ninnetta Leggis,49,nleggis9c@list-manage.com
Demetre Questier,38,dquestier2a@histats.com
Daron Batt,29,dbattc9@gizmodo.com
Lalo Blasdale,58,lblasdaleco@ezinearticles.com
Dalis Giottoi,48,dgiottoi1d@ow.ly
Sam Velareal,63,svelarealis@nba.com
Arleyne Roebottom,54,aroebottom1f@ucsd.edu
Oswald Blick,57,oblick5q@google.com.hk
Tully Sperling,59,tsperlingr8@booking.com
Ogdan Kershow,62,okershowdj@over-blog.com
Sheppard Cummins,65,scummins4h@umich.edu
Chlo Dorrington,26,cdorringtonev@spotify.com
Tiebout Croot,25,tcroot69@constantcontact.com
Gerek Meindl,52,gmeindllm@goo.ne.jp
Pris Bott,52,pbott7g@statcounter.com
Regen Doey,62,rdoey8i@netlog.com
Jana Lodden,28,jloddennc@dailymail.co.uk
Woody Bein,28,wbeinic@wsj.com
Bethanne Couroy,53,bcouroyot@youku.com
Nicky Hindge,46,nhindgeq@friendfeed.com
Berti McCullouch,31,bmccullouchl6@weibo.com
Sunshine Verbeke,25,sverbeke29@apple.com
Connie Arter,35,cartermc@php.net
Chandal Murtimer,42,cmurtimer8d@reverbnation.com
Clarissa Vasiltsov,56,cvasiltsovmg@kickstarter.com
Laurette Galbreath,54,lgalbreathm4@uiuc.edu
Obediah Tinline,37,otinlinejb@mtv.com
Mirelle Blaze,26,mblaze1u@deliciousdays.com
Harli Blount,27,hblountiu@ocn.ne.jp
Allina Savell,53,asavellg2@reddit.com
Jocko Dytham,53,jdythamjg@fema.gov
Siana Readman,45,sreadman5m@zdnet.com
Tabbie Mose,61,tmose8z@example.com
Consolata Crommett,,ccrommette6@tiny.cc
Abigale Clatworthy,38,aclatworthyk3@ucoz.ru
Arabel Tidcomb,61,atidcombcp@chicagotribune.com
Chance Beeby,64,cbeebypw@opera.com
Archy Manssuer,36,amanssuerqz@sbwire.com
Hobie Cornborough,34,hcornboroughj7@shutterfly.com
Jamey Casel,50,jcaselnk@dropbox.com
Andrea Dowdall,59,adowdallfq@dell.com
Wallis Patrone,31,wpatronenv@ehow.com
Xymenes Garvey,32,xgarvey32@engadget.com
Pattie Epgrave,49,pepgravekz@jiathis.com
Sherwynd Hounsome,40,shounsomeor@cisco.com
Maynard Gethins,61,mgethinsms@imdb.com
Jaquelyn Deniscke,61,jdeniscker0@cpanel.net
Mal Dennant,33,mdennant88@stanford.edu
Feliks Valeri,34,fvaleries@google.com
Jan Crosbie,39,jcrosbiel9@yelp.com
Aveline Davydkov,57,adavydkov5o@cafepress.com
Odey Coldbreath,63,ocoldbreathaw@businesswire.com
Neysa Kelland,63,nkelland8x@answers.com
Hillie Van der Hoeven,54,hvank4@berkeley.edu
Forbes O'Kenny,42,fokennyii@uol.com.br
Gilly Osgodby,40,gosgodbylg@angelfire.com
Bronny Scherme,66,bscherme3a@miitbeian.gov.cn
Bron Housego,58,bhousegocj@flavors.me
Adriane Shellshear,46,ashellshear1o@bandcamp.com
Bernetta Smallridge,43,bsmallridgedk@usatoday.com
Edna Jereatt,52,ejereattf2@yale.edu
Gradey Moodey,34,gmoodey3@diigo.com
Cynthea Dumke,55,cdumkepq@tuttocitta.it
Catherina Castellanos,62,ccastellanosrj@typepad.com
Yoshi Fearnehough,30,yfearnehoughpt@g.co
Evangelin Haslin,48,ehaslin1q@nih.gov
Lynette Steuhlmeyer,28,lsteuhlmeyerpf@japanpost.jp
Thaine Canacott,52,tcanacottae@myspace.com
Saidee Willder,39,swillderbm@google.nl
Edd Such,41,esuchhm@google.de
Shara Critchley,44,scritchleyiv@so-net.ne.jp
Barbabra Vreiberg,25,bvreiberg73@live.com
Sheba MacGillivrie,43,smacgillivrie2s@desdev.cn
Federica Shambrook,33,fshambrook96@cdbaby.com
Becka Filoniere,56,bfiloniereip@irs.gov
Dorris Flieg,36,dfliega@amazon.de
Mareah MacVagh,58,mmacvaghkr@fda.gov
Kristy Jull,44,kjullaa@accuweather.com
Curran MacCague,38,cmaccague3j@paginegialle.it
Nonah Gerardin,59,ngerardin56@hhs.gov
Merilee Dodworth,25,mdodworth2r@themeforest.net
Jenn Hovenden,44,jhovenden22@ezinearticles.com
Alyse Howchin,60,ahowchindo@networksolutions.com
Tedie Normanell,55,tnormanellfs@prweb.com
Violet Kiddie,45,vkiddiebi@mapquest.com
Susanna Wallhead,57,swallhead3o@ucsd.edu
Farley Mancktelow,42,fmancktelowlq@utexas.edu
Daryl Gilbey,45,dgilbeyrf@hp.com
Gil O'Connell,46,goconnell7f@flickr.com
Syman Doolan,54,sdoolane@goo.ne.jp
Kaitlynn Danielkiewicz,48,kdanielkiewicz4d@diigo.com
Grata Baldacchi,54,gbaldacchine@nasa.gov
Alvie Greest,44,agreest16@census.gov
Bryant Collman,67,bcollmanrr@amazon.co.jp
Kristen Scoates,,kscoates2w@elegantthemes.com
Nady Spellworth,59,nspellworth7y@nasa.gov
Winonah Bullimore,33,wbullimorejm@ucsd.edu
Trenna Lyddiard,33,tlyddiard51@home.pl
Dore Kidson,,dkidsonc5@list-manage.com
Tan New,57,tnewo0@wordpress.org
Cully Dimitriou,54,cdimitrioujj@instagram.com
Thane Dinwoodie,29,tdinwoodie86@scientificamerican.com
Kathi Blockwell,,kblockwellb6@usa.gov
Lindsay Morillas,44,lmorillas8u@technorati.com
Junina Crockley,40,jcrockleyqx@a8.net
Kippy Ubsdall,41,kubsdalloo@ted.com
Karin Nilges,28,knilges1s@imageshack.us
Ibby Welband,38,iwelbandgr@java.com
Ange Wynn,53,awynn4l@aol.com
Alexandra Seifenmacher,30,aseifenmacher2k@mozilla.org
Shelby Beric,,sbericgv@lulu.com
Hebert Hawkslee,57,hhawkslee5a@webmd.com
Alwyn Ashall,,aashallmb@blinklist.com
Libbey O'Hare,53,lohare93@privacy.gov.au
Shanon Mantripp,47,smantripp3t@alexa.com
Annabell Hawket,45,ahawketbf@freewebs.com
Daisie Lomen,53,dlomen2t@nifty.com
Timothy Scoular,39,tscoular7b@hexun.com
Luella Riley,35,lrileypb@marriott.com
Sheila Alenichev,43,salenichev5d@google.cn
Charis Cliffe,28,ccliffeee@purevolume.com
Malinda Samuels,53,msamuels0@1688.com
Hubert Barrasse,46,hbarrassen@friendfeed.com
Blythe Schroder,54,bschroderi@dagondesign.com
Nancey Josofovitz,43,njosofovitzdw@marketwatch.com
Reta Hyams,47,rhyamsma@timesonline.co.uk
Shaylynn Scroxton,31,sscroxtonie@bbc.co.uk
Ruth Rableau,57,rrableaupd@xing.com
Heddi Cheesman,59,hcheesman7d@topsy.com
Koral McCuffie,42,kmccuffie2@goo.ne.jp
Pepito Records,65,precordse7@cmu.edu
Claudina Kid,57,ckida3@slideshare.net
Melony Berndsen,28,mberndsena5@list-manage.com
Lucretia Sinisbury,61,lsinisburyq2@360.cn
Collen Jouning,50,cjouning27@hibu.com
Jesselyn Gatrill,63,jgatrill57@surveymonkey.com
Welsh Lafontaine,56,wlafontaineox@topsy.com
Casi MacVanamy,29,cmacvanamyit@macromedia.com
Andi Perrelli,25,aperrelli5n@rakuten.co.jp
Sibella Gauvain,59,sgauvainme@blogtalkradio.com
Erich Rogger,41,erogger4u@buzzfeed.com
Cyrillus Roake,48,croake6i@is.gd
Felecia Asquith,,fasquith47@typepad.com
Ricca Bassham,60,rbasshamgm@bloomberg.com
Etta Dowbiggin,46,edowbigginm@fotki.com
Maye Prothero,43,mprothero9u@sohu.com
Gunar Ismirnioglou,29,gismirnioglouau@feedburner.com
Orland Aberhart,29,oaberharthu@google.fr
Bradley Bulteel,39,bbulteelq7@csmonitor.com
Blanche Chillingsworth,31,bchillingsworthg9@ft.com
Rebekkah Howen,54,rhowen4z@ucoz.ru
Adamo Trigg,62,atrigger@wufoo.com
Barbra Wybrow,64,bwybrow5t@cnn.com
Clarita Janecek,38,cjanecekqp@spotify.com
Elden Le Frank,28,ele5@seesaa.net
Conway McArt,59,cmcart2i@reuters.com
Barth Stack,57,bstackbv@deliciousdays.com
Sarette Kneesha,58,skneeshaps@newsvine.com
Cesare Wither,57,cwithere5@zimbio.com
Nata Rikard,41,nrikard8j@thetimes.co.uk
Burl Cotilard,50,bcotilard9s@vistaprint.com
Dorelle Jewar,,djewaro2@lycos.com
Naoma Ginie,63,nginie5v@google.fr
Veda Sherman,33,vsherman8y@mac.com
Tove Assender,52,tassenderl4@walmart.com
Sher Arkle,47,sarklefx@taobao.com
Raimondo Hrishanok,27,rhrishanok7u@accuweather.com
Reade Lightbourn,57,rlightbourn9f@economist.com
Theadora Ditty,50,tdittyej@twitter.com
Tobit Paull,29,tpaullqn@qq.com
Kai Gabbott,47,kgabbott66@mozilla.org
Maxy Voase,53,mvoasee0@com.com
Reeva Boleyn,47,rboleyn1x@altervista.org
Arnoldo Britney,52,abritney8f@arstechnica.com
Vina Mein,64,vmein8o@sina.com.cn
Mikey Burnie,59,mburniehc@smugmug.com
Bernardine Landells,51,blandellshj@ning.com
Ode Danielsson,53,odanielssono9@forbes.com
Beverly Battyll,54,bbattyllhb@google.ca
Clarice Van der Hoven,43,cvankg@addtoany.com
Michaela Tysack,66,mtysack19@yahoo.co.jp
Elysha Franzke,39,efranzkecq@home.pl
Tomasina Faccini,33,tfaccinihw@photobucket.com
Dinnie Rought,58,droughtfz@yale.edu
Rani Arcase,40,rarcase8g@wunderground.com
Gertie Doerren,55,gdoerren1b@google.com.br
Silvie Roggers,27,sroggersji@google.pl
Miles Abarough,31,mabarough76@ihg.com
Dino Mayall,47,dmayalli2@time.com
Frieda Bremeyer,55,fbremeyerc3@java.com
Chip Petrushanko,42,cpetrushankobj@google.fr
Nola Zannetti,54,nzannettiiq@dedecms.com
Sterne Steuhlmeyer,57,ssteuhlmeyer3s@msn.com
Dee dee Bickerdike,56,ddeec8@cbsnews.com
Marie-jeanne Pechell,27,mpechellx@amazon.de
Loleta Gritland,35,lgritlandp5@i2i.jp
Chancey Mosco,65,cmosco3n@indiatimes.com
Marleen Stirrip,,mstirripby@mashable.com
Nertie Perone,67,nperone54@fastcompany.com
Edik Tapley,54,etapley8p@networksolutions.com
Cherye Lidgate,35,clidgatej8@w3.org
Jared Hardingham,41,jhardinghampz@parallels.com
Jolene Bellenger,55,jbellenger92@archive.org
Nani McCowen,66,nmccowenht@narod.ru
Anneliese Sweating,51,asweatingmu@uiuc.edu
Dwain Beautyman,34,dbeautyman34@ebay.co.uk
Dorri Ruddiforth,36,druddiforthbb@chicagotribune.com
Carri Matushevitz,34,cmatushevitz4y@icq.com
Tobias Gristhwaite,55,tgristhwaitea2@skyrock.com
Birgit Deppen,,bdeppenq5@jiathis.com
Gregoire Claringbold,51,gclaringboldmm@symantec.com
Gwenneth Tack,55,gtackkn@marketwatch.com
Giacomo Locker,44,glockerqq@yellowpages.com
Humfried Sidworth,64,hsidworthlc@mashable.com
Lev Matfield,25,lmatfieldm0@psu.edu
Isabelle Regus,32,iregusih@cnbc.com
Alvera Conkay,50,aconkayqu@addthis.com
Brennen Bauchop,30,bbauchopbc@trellian.com
Van Lampkin,60,vlampkini1@usda.gov
Becky Causley,59,bcausleyi0@symantec.com
Ivan Skingle,65,iskinglek2@jigsy.com
Faith Pridmore,57,fpridmorejp@nydailynews.com
Tybie Farge,47,tfargegs@spotify.com
Jacqueline Kalinsky,60,jkalinskyct@sina.com.cn
Lazaro Chatfield,46,lchatfielda0@foxnews.com
Godart Reardon,25,greardon9i@china.com.cn
Jobi Hightown,37,jhightownfb@shareasale.com
Shana Poupard,26,spoupard11@taobao.com
Theresita Pilger,36,tpilgere1@1688.com
Zilvia Bruckstein,54,zbrucksteinfu@google.com.br
Pansy Grisdale,46,pgrisdaler6@home.pl
Shirl Pullman,44,spullman3z@e-recht24.de
Moria Caverhill,59,mcaverhill6l@constantcontact.com
Saundra Nani,65,snaniqs@census.gov
Deloria Poulston,49,dpoulstong6@ehow.com
Annie Fellowes,67,afellowespu@weebly.com
Alika Edgworth,48,aedgworth9l@washington.edu
Lacee Vedenyakin,61,lvedenyakinoq@tamu.edu
Tildy Browne,37,tbrowne1p@baidu.com
Sidonia Bayston,28,sbaystonn4@parallels.com
Ogdon Smalles,39,osmallesnd@godaddy.com
Rodolph Petracco,,rpetraccokj@tumblr.com
Candace Ruperti,,cruperti8t@furl.net
Prince Bulstrode,51,pbulstrodeqi@google.ru
Lindie Woffenden,54,lwoffenden9o@abc.net.au
Forbes Keighly,58,fkeighly43@java.com
Katey Markussen,65,kmarkussen4t@bandcamp.com
Torie Garrow,56,tgarrowhy@state.gov
Emalia Ready,63,eready31@washingtonpost.com
Gabie Charer,32,gcharer6q@tamu.edu
Raimondo Cruddace,43,rcruddace89@indiegogo.com
Tessy McMaster,61,tmcmastergp@tmall.com
Judie Gatchel,50,jgatcheln5@google.nl
Barn Denyukin,46,bdenyukin80@bizjournals.com
Gilda Karle,62,gkarle5l@businesswire.com
Chelsey Quye,40,cquyekb@prlog.org
Earl McGerraghty,32,emcgerraghtyia@technorati.com
Gianina Jeandet,58,gjeandet8s@icio.us
Whitman Bedborough,34,wbedborough1l@sfgate.com
Logan Egdell,34,legdellf3@statcounter.com
Petunia Densham,59,pdenshamb0@thetimes.co.uk
Brade Gorman,63,bgormanf@nbcnews.com
Maximilian Tommasetti,48,mtommasettioe@whitehouse.gov
Lynnett Diter,29,lditerr5@oaic.gov.au
Donella Bandy,44,dbandy99@freewebs.com
Fredi Cuberley,44,fcuberleydq@bbb.org
Arabela Haxby,34,ahaxby3v@paginegialle.it
Putnem Gammie,58,pgammien9@narod.ru
Estrellita Haselhurst,46,ehaselhurstcx@whitehouse.gov
Mel Smithen,34,msmithen1a@ft.com
Tasia Grigolli,32,tgrigolli1m@edublogs.org
Vonni Brussell,57,vbrussell3c@ow.ly
Yule Sparwell,,ysparwello8@dot.gov
Clarissa Scoles,35,cscolesj9@house.gov
Curr Bussy,37,cbussy9p@squarespace.com
Mead Vallack,44,mvallacknu@miibeian.gov.cn
Dinnie Tillard,37,dtillard9n@gnu.org
Tallie Ambrogini,40,tambroginimh@bigcartel.com
Russell Miebes,36,rmiebesao@hexun.com
Heidie MacNeachtain,51,hmacneachtainfy@digg.com
Mallissa Skews,,mskewsq1@yandex.ru
Karilynn MacParland,47,kmacparland7j@earthlink.net
Lavina Stainsby,54,lstainsbyp1@canalblog.com
Gwendolen Ballston,60,gballstonhz@360.cn
Waldemar Crass,27,wcrass9z@wufoo.com
Kermit Pickston,47,kpickstonid@de.vu
Ian Benallack,49,ibenallack7k@ucla.edu
Anderson Miranda,37,amirandad@cnet.com
Alyce Simonassi,66,asimonassi5u@simplemachines.org
Willard McRonald,61,wmcronaldam@dmoz.org
Eadmund Wildin,64,ewildinf0@sohu.com
Aurie Littlekit,27,alittlekit5k@army.mil
Moise Mazin,48,mmazinm8@yahoo.com
Tilda Saterweyte,39,tsaterweyte7n@surveymonkey.com
Ronnica Mabey,,rmabey8w@topsy.com
Gwenore Miebes,44,gmiebes5p@istockphoto.com
Roderic Musicka,,rmusickam7@shareasale.com
Jolene Bellenger,55,jbellenger92@archive.org
Stafani MacSherry,51,smacsherry6r@merriam-webster.com
Leta Humphrey,56,lhumphrey7o@stanford.edu
Stirling Tenman,,stenmankw@nymag.com
Darrell Learmont,62,dlearmont63@i2i.jp
Nola Bromwich,57,nbromwich78@disqus.com
Elwin Andresen,63,eandresenh5@wordpress.org
Ginnie Gannon,65,ggannondx@paypal.com
Kellina Hurn,41,khurn72@youku.com
Gardie Goodricke,41,ggoodrickepm@china.com.cn
Jamal Dy,42,jdyn1@oracle.com
Ethe Pashby,53,epashby2d@nba.com
Del Farfull,58,dfarfulleb@buzzfeed.com
Trumaine Wheatland,60,twheatland3y@dailymail.co.uk
Monti Epple,66,mepplegc@dot.gov
Minnie Long,25,mlongf6@networksolutions.com
Kaitlynn Sigmund,45,ksigmund8e@census.gov
Horatia Bertholin,56,hbertholinlw@google.cn
Ansell Desantis,51,adesantisew@last.fm
Clementine Witham,62,cwithamow@ocn.ne.jp
Filberte Fandrey,40,ffandreye3@blogtalkradio.com
Zelda Kermott,51,zkermottdi@state.tx.us
Quincy Coslett,33,qcoslettkp@google.com.au
Iggie Willcott,50,iwillcottmw@ebay.com
Yolane Boadby,29,yboadbynr@sphinn.com
Ethel Crichten,,ecrichtenax@npr.org
Denys Polley,47,dpolleye8@alibaba.com
Shea Lapwood,,slapwoodng@delicious.com
Vassily Coulter,36,vcoulterkt@sogou.com
Maddalena Tasseler,36,mtasselere9@cornell.edu
Jeri Laurenceau,45,jlaurenceau8r@fastcompany.com
Joane Hourihan,32,jhourihan4g@biblegateway.com
Emery Crasford,44,ecrasfordf1@pinterest.com
Katie Simper,25,ksimper9b@sina.com.cn
Nichole Skipp,44,nskippbh@cyberchimps.com
Joeann Lewendon,26,jlewendon7v@ucsd.edu
Woodie Cadman,52,wcadmanir@shinystat.com
Bobbette Colquete,46,bcolqueteju@omniture.com
Helen-elizabeth Ralphs,44,hralphsg8@miitbeian.gov.cn
Laureen Mahony,,lmahony6a@huffingtonpost.com
Davis Matthiae,25,dmatthiae8q@mozilla.com
Lela Penna,33,lpennam5@surveymonkey.com
Roselia Stayte,65,rstayteoh@hatena.ne.jp
Rani Arcase,40,rarcase8g@wunderground.com
Emera Petch,52,epetchjy@prlog.org
Farley Swalough,35,fswaloughj1@amazonaws.com
Ronalda Rooze,56,rroozedr@seattletimes.com
Kamilah Brame,,kbrameni@slashdot.org
Axe Varley,31,avarleyoj@sakura.ne.jp
Annabel Martusewicz,52,amartusewicz1v@xing.com
Averil Egginton,67,aeggintoniw@privacy.gov.au
Colver Rothery,63,crotheryf4@ftc.gov
Cynthea Fri,54,cfriff@csmonitor.com
Derick Scorthorne,,dscorthornekd@eepurl.com
Hunfredo Gore,61,hgore1g@blinklist.com
Irene Lashley,67,ilashleye4@51.la
Mendel Cookney,35,mcookneyop@harvard.edu
Adolph Room,50,aroomav@slashdot.org
Neala Ferrillo,25,nferrillokk@wikipedia.org
Willie Luton,61,wlutonio@blogtalkradio.com
Vina Mein,64,vmein8o@sina.com.cn
Henrie Cownden,66,hcowndeng@squidoo.com
Silvia McChesney,61,smcchesneyk@census.gov
Edik Tapley,54,etapley8p@networksolutions.com
Brande Sibbet,46,bsibbetlb@imgur.com
Olivia Braganca,52,obragancaat@ucsd.edu
Leia Duckett,62,lduckett2z@java.com
Kaitlynn Sigmund,45,ksigmund8e@census.gov
Stanton Lyne,45,slyned5@paypal.com
Milissent Clayill,60,mclayilln3@nytimes.com