Producto,Categoría,Precio
Acero,Metal,$13.54
Plexiglás,Polímero/Sintético,$45.10
Latón,Metal,$35.64
Granito,Piedra Natural,$61.61
Acero,Metal,$14.28
Plástico,Polímero/Sintético,$77.00
MADERA,Madera,$93.26
Plexiglás,Polímero/Sintético,$86.45
MADERA,Madera,$89.74
Latón,Metal,$42.01
Latón,Metal,$55.19
Plexiglás,Polímero/Sintético,$63.49
Plexiglás,Polímero/Sintético,$48.06
VIDRIO,Vidrio,$41.88
Granito,Piedra Natural,$73.99
Goma,Polímero/Sintético,$57.23
Plástico,Polímero/Sintético,$69.47
MADERA,Madera,$31.10
VIDRIO,Vidrio,$33.11
Vinilo,Polímero/Sintético,$47.71
Vinilo,Polímero/Sintético,$39.31
Plexiglás,Polímero/Sintético,$23.68
MADERA,Madera,$20.39
Plástico,Polímero/Sintético,$38.12
Goma,Polímero/Sintético,$84.59
VIDRIO,Vidrio,$62.84
Aluminio,Metal,$84.50
MADERA,Madera,$87.47
MADERA,Madera,$62.95
Granito,Piedra Natural,$89.67
Granito,Piedra Natural,$71.05
Plástico,Polímero/Sintético,$10.14
Plástico,Polímero/Sintético,$30.56
Latón,Metal,$95.49
Goma,Polímero/Sintético,$90.57
Granito,Piedra Natural,$65.66
Plástico,Polímero/Sintético,$53.82
Acero,Metal,$23.82
Acero,Metal,$23.27
Goma,Polímero/Sintético,$24.35
Latón,Metal,$50.15
MADERA,Madera,$71.87
Plástico,Polímero/Sintético,$43.32
Granito,Piedra Natural,$67.88
Granito,Piedra Natural,$76.14
Piedra,Piedra Natural,$64.51
MADERA,Madera,$12.58
Aluminio,Metal,$57.38
Piedra,Piedra Natural,$81.92
Vinilo,Polímero/Sintético,$63.93
Latón,Metal,$13.67
Acero,Metal,$47.63
Latón,Metal,$32.78
Plexiglás,Polímero/Sintético,$14.71
MADERA,Madera,$24.40
Piedra,Piedra Natural,$18.87
Plexiglás,Polímero/Sintético,$19.77
Piedra,Piedra Natural,$41.81
Aluminio,Metal,$96.99
Aluminio,Metal,$11.94
MADERA,Madera,$11.76
VIDRIO,Vidrio,$66.96
Aluminio,Metal,$85.75
VIDRIO,Vidrio,$18.41
Granito,Piedra Natural,$75.43
Vinilo,Polímero/Sintético,$85.84
VIDRIO,Vidrio,$51.08
Latón,Metal,$19.11
Acero,Metal,$10.68
MADERA,Madera,$43.84
VIDRIO,Vidrio,$77.40
Latón,Metal,$13.21
Acero,Metal,$99.21
Goma,Polímero/Sintético,$60.34
Plexiglás,Polímero/Sintético,$32.31
Goma,Polímero/Sintético,$84.52
VIDRIO,Vidrio,$84.17
Piedra,Piedra Natural,$14.53
Vinilo,Polímero/Sintético,$54.53
Plexiglás,Polímero/Sintético,$83.95
Plástico,Polímero/Sintético,$18.75
Plexiglás,Polímero/Sintético,$46.34
Vinilo,Polímero/Sintético,$91.37
Aluminio,Metal,$63.53
Piedra,Piedra Natural,$25.70
Goma,Polímero/Sintético,$54.78
Vinilo,Polímero/Sintético,$29.59
MADERA,Madera,$14.68
Vinilo,Polímero/Sintético,$52.02
Plástico,Polímero/Sintético,$26.30
MADERA,Madera,$87.38
Goma,Polímero/Sintético,$60.06
Granito,Piedra Natural,$68.56
Granito,Piedra Natural,$62.80
Latón,Metal,$67.39
VIDRIO,Vidrio,$80.31
Granito,Piedra Natural,$10.67
Plexiglás,Polímero/Sintético,$59.53
Plástico,Polímero/Sintético,$31.13
MADERA,Madera,$56.60